2024-07-22 15:07:21,150721.00,A,5556.44562,N,00315.17378,W,0.039,,220724,
2024-07-22 15:07:22,150722.00,A,5556.44539,N,00315.17390,W,0.019,,220724,
2024-07-22 15:07:23,150723.00,A,5556.44517,N,00315.17256,W,0.054,,220724,
2024-07-22 15:07:24,150724.00,A,5556.44523,N,00315.17283,W,0.089,,220724,
2024-07-22 15:07:25,150725.00,A,5556.44492,N,00315.17236,W,0.020,,220724,
2024-07-22 15:07:26,150726.00,A,5556.44484,N,00315.17234,W,0.007,,220724,
2024-07-22 15:07:27,150727.00,A,5556.44478,N,00315.17232,W,0.006,,220724,
2024-07-22 15:07:28,150728.00,A,5556.44479,N,00315.17245,W,0.014,,220724,
2024-07-22 15:07:29,150729.00,A,5556.44480,N,00315.17248,W,0.025,,220724,
2024-07-22 15:07:30,150730.00,A,5556.44482,N,00315.17254,W,0.027,,220724,
2024-07-22 15:07:31,150731.00,A,5556.44480,N,00315.17251,W,0.017,,220724,
2024-07-22 15:07:32,150732.00,A,5556.44478,N,00315.17252,W,0.011,,220724,
2024-07-22 15:07:33,150733.00,A,5556.44476,N,00315.17247,W,0.024,,220724,
2024-07-22 15:07:34,150734.00,A,5556.44478,N,00315.17247,W,0.048,,220724,
2024-07-22 15:07:35,150735.00,A,5556.44476,N,00315.17234,W,0.015,,220724,
2024-07-22 15:07:36,150736.00,A,5556.44475,N,00315.17224,W,0.056,,220724,
2024-07-22 15:07:37,150737.00,A,5556.44473,N,00315.17217,W,0.047,,220724,
2024-07-22 15:07:38,150738.00,A,5556.44472,N,00315.17211,W,0.042,,220724,
2024-07-22 15:07:39,150739.00,A,5556.44471,N,00315.17207,W,0.029,,220724,
2024-07-22 15:07:40,150740.00,A,5556.44467,N,00315.17197,W,0.023,,220724,
2024-07-22 15:07:41,150741.00,A,5556.44463,N,00315.17185,W,0.015,,220724,
2024-07-22 15:07:42,150742.00,A,5556.44459,N,00315.17175,W,0.030,,220724,
2024-07-22 15:07:43,150743.00,A,5556.44456,N,00315.17164,W,0.010,,220724,
2024-07-22 15:07:44,150744.00,A,5556.44451,N,00315.17150,W,0.027,,220724,
2024-07-22 15:07:45,150745.00,A,5556.44446,N,00315.17131,W,0.033,,220724,
2024-07-22 15:07:46,150746.00,A,5556.44441,N,00315.17123,W,0.018,,220724,
2024-07-22 15:07:47,150747.00,A,5556.44437,N,00315.17113,W,0.048,,220724,
2024-07-22 15:07:48,150748.00,A,5556.44430,N,00315.17104,W,0.050,,220724,
2024-07-22 15:07:49,150749.00,A,5556.44426,N,00315.17098,W,0.052,,220724,
2024-07-22 15:07:50,150750.00,A,5556.44421,N,00315.17088,W,0.004,,220724,
2024-07-22 15:07:51,150751.00,A,5556.44417,N,00315.17078,W,0.026,,220724,
2024-07-22 15:07:52,150752.00,A,5556.44414,N,00315.17071,W,0.015,,220724,
2024-07-22 15:07:53,150753.00,A,5556.44412,N,00315.17065,W,0.016,,220724,
2024-07-22 15:07:54,150754.00,A,5556.44411,N,00315.17065,W,0.068,,220724,
2024-07-22 15:07:55,150755.00,A,5556.44411,N,00315.17067,W,0.089,,220724,
2024-07-22 15:07:56,150756.00,A,5556.44410,N,00315.17062,W,0.046,,220724,
2024-07-22 15:07:57,150757.00,A,5556.44410,N,00315.17061,W,0.056,,220724,
2024-07-22 15:07:58,150758.00,A,5556.44403,N,00315.17060,W,0.277,,220724,
2024-07-22 15:07:59,150759.00,A,5556.44398,N,00315.17065,W,0.253,,220724,
2024-07-22 15:08:00,150800.00,A,5556.44402,N,00315.17030,W,0.301,,220724,
2024-07-22 15:08:01,150801.00,A,5556.44402,N,00315.16961,W,0.736,,220724,
2024-07-22 15:08:02,150802.00,A,5556.44396,N,00315.16728,W,2.092,,220724,
2024-07-22 15:08:17,150817.00,A,5556.44352,N,00315.16987,W,0.118,,220724,
2024-07-22 15:08:28,150828.00,A,5556.44194,N,00315.16436,W,0.904,,220724,
2024-07-22 15:08:29,150829.00,A,5556.44359,N,00315.15578,W,2.591,,220724,
2024-07-22 15:08:30,150830.00,A,5556.45140,N,00315.14088,W,7.344,48.88,220724,
2024-07-22 15:09:52,150952.00,A,5556.45331,N,00315.17862,W,1.009,,220724,
2024-07-22 15:09:53,150953.00,A,5556.44967,N,00315.17764,W,0.367,,220724,
2024-07-22 15:09:54,150954.00,A,5556.44776,N,00315.17578,W,0.784,,220724,
2024-07-22 15:09:55,150955.00,A,5556.44741,N,00315.17554,W,4.649,294.83,220724,
2024-07-22 15:09:56,150956.00,A,5556.44825,N,00315.17508,W,0.131,,220724,
2024-07-22 15:09:57,150957.00,A,5556.44698,N,00315.17386,W,1.267,,220724,
2024-07-22 15:09:58,150958.00,A,5556.44635,N,00315.17228,W,0.426,,220724,
2024-07-22 15:09:59,150959.00,A,5556.44625,N,00315.17140,W,0.294,,220724,
2024-07-22 15:10:00,151000.00,A,5556.44586,N,00315.17144,W,0.282,,220724,
2024-07-22 15:10:01,151001.00,A,5556.44549,N,00315.17127,W,0.867,,220724,
2024-07-22 15:10:02,151002.00,A,5556.44579,N,00315.17063,W,0.131,,220724,
2024-07-22 15:10:03,151003.00,A,5556.44553,N,00315.16981,W,0.922,,220724,
2024-07-22 15:10:04,151004.00,A,5556.44523,N,00315.17109,W,0.764,,220724,
2024-07-22 15:10:05,151005.00,A,5556.44538,N,00315.17090,W,0.255,,220724,
2024-07-22 15:10:06,151006.00,A,5556.44505,N,00315.17094,W,0.225,,220724,
2024-07-22 15:10:07,151007.00,A,5556.44481,N,00315.17095,W,0.563,,220724,
2024-07-22 15:10:08,151008.00,A,5556.44472,N,00315.17084,W,0.264,,220724,
2024-07-22 15:10:09,151009.00,A,5556.44531,N,00315.17073,W,0.890,,220724,
2024-07-22 15:10:10,151010.00,A,5556.44509,N,00315.17057,W,0.854,,220724,
2024-07-22 15:10:11,151011.00,A,5556.44529,N,00315.17057,W,0.133,,220724,
2024-07-22 15:10:12,151012.00,A,5556.44540,N,00315.17097,W,0.628,,220724,
2024-07-22 15:10:13,151013.00,A,5556.44482,N,00315.16991,W,0.344,,220724,
2024-07-22 15:10:14,151014.00,A,5556.44451,N,00315.16876,W,0.476,,220724,
2024-07-22 15:10:15,151015.00,A,5556.44455,N,00315.16810,W,0.311,,220724,
2024-07-22 15:10:16,151016.00,A,5556.44452,N,00315.16765,W,0.811,,220724,
2024-07-22 15:10:17,151017.00,A,5556.44402,N,00315.16860,W,0.407,,220724,
2024-07-22 15:10:18,151018.00,A,5556.44437,N,00315.16928,W,0.311,,220724,
2024-07-22 15:10:19,151019.00,A,5556.44427,N,00315.16936,W,0.036,,220724,
2024-07-22 15:10:20,151020.00,A,5556.44427,N,00315.16780,W,0.271,,220724,
2024-07-22 15:10:21,151021.00,A,5556.44396,N,00315.16802,W,0.381,,220724,
2024-07-22 15:10:22,151022.00,A,5556.44369,N,00315.16769,W,0.925,,220724,
2024-07-22 15:10:23,151023.00,A,5556.44301,N,00315.16773,W,0.125,,220724,
2024-07-22 15:10:24,151024.00,A,5556.44306,N,00315.16712,W,0.804,,220724,
2024-07-22 15:10:25,151025.00,A,5556.44266,N,00315.16646,W,0.257,,220724,
2024-07-22 15:10:26,151026.00,A,5556.44265,N,00315.16520,W,0.136,,220724,
2024-07-22 15:10:27,151027.00,A,5556.44227,N,00315.16453,W,1.399,,220724,
2024-07-22 15:10:28,151028.00,A,5556.44320,N,00315.16670,W,0.299,,220724,
2024-07-22 15:10:29,151029.00,A,5556.44345,N,00315.16681,W,0.418,,220724,
2024-07-22 15:10:30,151030.00,A,5556.44342,N,00315.16698,W,0.223,,220724,
2024-07-22 15:10:31,151031.00,A,5556.44342,N,00315.16539,W,1.107,,220724,
2024-07-22 15:10:32,151032.00,A,5556.44330,N,00315.16554,W,0.269,,220724,
2024-07-22 15:10:33,151033.00,A,5556.44282,N,00315.16399,W,0.217,,220724,
2024-07-22 15:10:34,151034.00,A,5556.44228,N,00315.16297,W,0.145,,220724,
2024-07-22 15:10:35,151035.00,A,5556.44234,N,00315.16309,W,0.650,,220724,
2024-07-22 15:10:36,151036.00,A,5556.44205,N,00315.16469,W,0.641,,220724,
2024-07-22 15:10:37,151037.00,A,5556.44259,N,00315.16588,W,0.978,,220724,
2024-07-22 15:10:38,151038.00,A,5556.44270,N,00315.16620,W,1.366,,220724,
2024-07-22 15:10:39,151039.00,A,5556.44305,N,00315.16504,W,0.578,,220724,
2024-07-22 15:10:40,151040.00,A,5556.44312,N,00315.16466,W,0.078,,220724,
2024-07-22 15:10:41,151041.00,A,5556.44253,N,00315.16532,W,0.725,,220724,
2024-07-22 15:10:42,151042.00,A,5556.44182,N,00315.16643,W,2.054,218.02,220724,
2024-07-22 15:10:43,151043.00,A,5556.44131,N,00315.16589,W,1.092,,220724,
2024-07-22 15:10:44,151044.00,A,5556.44041,N,00315.16435,W,0.167,,220724,
2024-07-22 15:11:12,151112.00,A,5556.44415,N,00315.17682,W,1.799,,220724,
2024-07-22 15:11:16,151116.00,A,5556.44208,N,00315.17237,W,2.824,,220724,
2024-07-22 15:11:17,151117.00,A,5556.44237,N,00315.17253,W,4.699,,220724,
2024-07-22 15:11:18,151118.00,A,5556.44182,N,00315.17609,W,5.675,,220724,
2024-07-22 15:11:19,151119.00,A,5556.44255,N,00315.18276,W,8.044,,220724,
2024-07-22 15:11:20,151120.00,A,5556.44298,N,00315.18556,W,1.980,,220724,
2024-07-22 15:11:21,151121.00,A,5556.44328,N,00315.18764,W,4.716,,220724,
2024-07-22 15:11:26,151126.00,A,5556.44034,N,00315.18302,W,0.888,,220724,
2024-07-22 15:11:27,151127.00,A,5556.44062,N,00315.17944,W,1.975,,220724,
2024-07-22 15:11:28,151128.00,A,5556.44016,N,00315.17732,W,2.333,,220724,
2024-07-22 15:11:29,151129.00,A,5556.43954,N,00315.17553,W,4.155,146.23,220724,
2024-07-22 15:11:30,151130.00,A,5556.43961,N,00315.17326,W,5.224,,220724,
2024-07-22 15:11:31,151131.00,A,5556.44074,N,00315.17103,W,2.051,,220724,
2024-07-22 15:11:32,151132.00,A,5556.44036,N,00315.17097,W,2.292,,220724,
2024-07-22 15:11:33,151133.00,A,5556.43971,N,00315.17075,W,1.921,,220724,
2024-07-22 15:11:34,151134.00,A,5556.43896,N,00315.17091,W,3.786,,220724,
2024-07-22 15:11:35,151135.00,A,5556.43839,N,00315.17165,W,3.117,,220724,
2024-07-22 15:11:36,151136.00,A,5556.43854,N,00315.17160,W,0.619,,220724,
2024-07-22 15:11:37,151137.00,A,5556.43934,N,00315.16981,W,4.568,,220724,
2024-07-22 15:11:38,151138.00,A,5556.44053,N,00315.16919,W,3.041,,220724,
2024-07-22 15:11:39,151139.00,A,5556.44231,N,00315.16962,W,5.256,,220724,
2024-07-22 15:11:40,151140.00,A,5556.44499,N,00315.17053,W,8.792,55.25,220724,
2024-07-22 15:11:41,151141.00,A,5556.44719,N,00315.17127,W,4.621,,220724,
2024-07-22 15:11:42,151142.00,A,5556.44769,N,00315.17440,W,6.459,,220724,
2024-07-22 15:11:47,151147.00,A,5556.44702,N,00315.17756,W,2.464,,220724,
2024-07-22 15:11:48,151148.00,A,5556.44703,N,00315.17457,W,1.455,,220724,
2024-07-22 15:11:49,151149.00,A,5556.44706,N,00315.16832,W,1.086,,220724,
2024-07-22 15:11:50,151150.00,A,5556.44507,N,00315.15769,W,1.769,,220724,
2024-07-22 15:11:51,151151.00,A,5556.44399,N,00315.15285,W,0.806,,220724,
2024-07-22 15:11:52,151152.00,A,5556.44325,N,00315.15143,W,1.017,,220724,
2024-07-22 15:11:53,151153.00,A,5556.44279,N,00315.15163,W,1.233,,220724,
2024-07-22 15:11:54,151154.00,A,5556.44311,N,00315.15654,W,1.607,,220724,
2024-07-22 15:11:55,151155.00,A,5556.44401,N,00315.15838,W,2.680,,220724,
2024-07-22 15:11:56,151156.00,A,5556.44494,N,00315.15822,W,3.141,,220724,
2024-07-22 15:11:57,151157.00,A,5556.44771,N,00315.16253,W,4.498,,220724,
2024-07-22 15:11:58,151158.00,A,5556.45039,N,00315.16701,W,1.870,,220724,
2024-07-22 15:11:59,151159.00,A,5556.45193,N,00315.16856,W,1.964,,220724,
2024-07-22 15:12:00,151200.00,A,5556.45427,N,00315.16173,W,2.075,,220724,
2024-07-22 15:12:01,151201.00,A,5556.45468,N,00315.15772,W,2.600,,220724,
2024-07-22 15:12:02,151202.00,A,5556.45346,N,00315.15649,W,2.990,,220724,
2024-07-22 15:12:03,151203.00,A,5556.45568,N,00315.15158,W,2.686,,220724,
2024-07-22 15:12:04,151204.00,A,5556.45324,N,00315.14741,W,2.775,,220724,
2024-07-22 15:12:05,151205.00,A,5556.45590,N,00315.14468,W,3.834,79.27,220724,
2024-07-22 15:12:06,151206.00,A,5556.45374,N,00315.14357,W,2.413,,220724,
2024-07-22 15:12:07,151207.00,A,5556.45476,N,00315.14520,W,1.412,,220724,
2024-07-22 15:12:08,151208.00,A,5556.45361,N,00315.14538,W,6.652,108.76,220724,
2024-07-22 15:12:09,151209.00,A,5556.45244,N,00315.14140,W,3.625,,220724,
2024-07-22 15:12:10,151210.00,A,5556.45187,N,00315.13988,W,1.971,,220724,
2024-07-22 15:12:11,151211.00,A,5556.45201,N,00315.13841,W,2.644,,220724,
2024-07-22 15:12:12,151212.00,A,5556.45235,N,00315.13422,W,4.258,,220724,
2024-07-22 15:12:13,151213.00,A,5556.45340,N,00315.13135,W,4.885,115.77,220724,
2024-07-22 15:12:14,151214.00,A,5556.45379,N,00315.12997,W,2.361,,220724,
2024-07-22 15:12:15,151215.00,A,5556.45396,N,00315.12877,W,5.233,110.70,220724,
2024-07-22 15:12:16,151216.00,A,5556.45304,N,00315.12506,W,3.561,,220724,
2024-07-22 15:12:17,151217.00,A,5556.45399,N,00315.12265,W,3.467,,220724,
2024-07-22 15:12:18,151218.00,A,5556.45403,N,00315.11939,W,4.568,115.66,220724,
2024-07-22 15:12:19,151219.00,A,5556.45449,N,00315.11630,W,4.345,117.70,220724,
2024-07-22 15:12:20,151220.00,A,5556.45459,N,00315.11477,W,2.298,,220724,
2024-07-22 15:12:21,151221.00,A,5556.45485,N,00315.11406,W,3.037,,220724,
2024-07-22 15:12:22,151222.00,A,5556.45524,N,00315.11318,W,3.435,,220724,
2024-07-22 15:12:23,151223.00,A,5556.45680,N,00315.11336,W,2.634,,220724,
2024-07-22 15:12:24,151224.00,A,5556.45704,N,00315.11235,W,2.237,,220724,
2024-07-22 15:12:25,151225.00,A,5556.45630,N,00315.11239,W,3.665,,220724,
2024-07-22 15:12:26,151226.00,A,5556.45567,N,00315.11035,W,1.873,,220724,
2024-07-22 15:12:27,151227.00,A,5556.45685,N,00315.10687,W,2.439,,220724,
2024-07-22 15:12:27,151228.00,A,5556.45641,N,00315.10390,W,2.702,,220724,
2024-07-22 15:12:28,151229.00,A,5556.45611,N,00315.10175,W,2.736,,220724,
2024-07-22 15:12:29,151230.00,A,5556.45529,N,00315.10103,W,2.094,,220724,
2024-07-22 15:12:31,151231.00,A,5556.45405,N,00315.09915,W,2.550,,220724,
2024-07-22 15:12:32,151232.00,A,5556.45191,N,00315.09487,W,2.347,,220724,
2024-07-22 15:12:33,151233.00,A,5556.45071,N,00315.09433,W,3.379,,220724,
2024-07-22 15:12:34,151234.00,A,5556.45042,N,00315.09653,W,2.348,,220724,
2024-07-22 15:12:35,151235.00,A,5556.45002,N,00315.09762,W,3.621,,220724,
2024-07-22 15:12:36,151236.00,A,5556.44884,N,00315.09605,W,2.346,,220724,
2024-07-22 15:12:37,151237.00,A,5556.44719,N,00315.09810,W,3.238,,220724,
2024-07-22 15:12:37,151238.00,A,5556.44605,N,00315.09920,W,2.873,,220724,
2024-07-22 15:12:38,151239.00,A,5556.44632,N,00315.09983,W,2.059,,220724,
2024-07-22 15:12:39,151240.00,A,5556.44486,N,00315.10192,W,2.039,,220724,
2024-07-22 15:12:40,151241.00,A,5556.44375,N,00315.10122,W,3.044,,220724,
2024-07-22 15:12:42,151242.00,A,5556.44294,N,00315.10050,W,3.197,,220724,
2024-07-22 15:12:43,151243.00,A,5556.44266,N,00315.10130,W,2.585,,220724,
2024-07-22 15:12:44,151244.00,A,5556.44278,N,00315.10223,W,0.966,,220724,
2024-07-22 15:12:45,151245.00,A,5556.44320,N,00315.10028,W,3.247,,220724,
2024-07-22 15:12:46,151246.00,A,5556.44239,N,00315.10139,W,3.603,,220724,
2024-07-22 15:12:47,151247.00,A,5556.44135,N,00315.10227,W,3.614,,220724,
2024-07-22 15:12:48,151248.00,A,5556.44102,N,00315.10397,W,2.408,,220724,
2024-07-22 15:12:49,151249.00,A,5556.44051,N,00315.10345,W,2.775,,220724,
2024-07-22 15:12:49,151250.00,A,5556.44050,N,00315.10598,W,3.182,,220724,
2024-07-22 15:12:50,151251.00,A,5556.43982,N,00315.10714,W,1.194,,220724,
2024-07-22 15:12:51,151252.00,A,5556.43882,N,00315.10775,W,1.500,,220724,
2024-07-22 15:12:52,151253.00,A,5556.43698,N,00315.10819,W,2.826,,220724,
2024-07-22 15:12:53,151254.00,A,5556.43550,N,00315.10827,W,2.352,,220724,
2024-07-22 15:12:55,151255.00,A,5556.43505,N,00315.10674,W,2.788,,220724,
2024-07-22 15:12:55,151256.00,A,5556.43452,N,00315.10896,W,3.262,,220724,
2024-07-22 15:12:57,151257.00,A,5556.43390,N,00315.11119,W,4.579,198.41,220724,
2024-07-22 15:12:57,151258.00,A,5556.43181,N,00315.11504,W,2.952,,220724,
2024-07-22 15:12:58,151259.00,A,5556.43138,N,00315.11550,W,1.432,,220724,
2024-07-22 15:12:59,151300.00,A,5556.43064,N,00315.11285,W,1.938,,220724,
2024-07-22 15:13:01,151301.00,A,5556.43080,N,00315.11203,W,1.801,,220724,
2024-07-22 15:13:01,151302.00,A,5556.43045,N,00315.11185,W,2.580,,220724,
2024-07-22 15:13:02,151303.00,A,5556.42976,N,00315.11179,W,2.186,,220724,
2024-07-22 15:13:03,151304.00,A,5556.42988,N,00315.11126,W,1.909,,220724,
2024-07-22 15:13:04,151305.00,A,5556.43007,N,00315.11183,W,0.995,,220724,
2024-07-22 15:13:05,151306.00,A,5556.42840,N,00315.11159,W,2.650,,220724,
2024-07-22 15:13:07,151307.00,A,5556.42584,N,00315.11272,W,5.416,207.06,220724,
2024-07-22 15:13:07,151308.00,A,5556.42570,N,00315.11255,W,1.971,,220724,
2024-07-22 15:13:08,151309.00,A,5556.42544,N,00315.11219,W,2.749,,220724,
2024-07-22 15:13:09,151310.00,A,5556.42616,N,00315.11202,W,0.933,,220724,
2024-07-22 15:13:10,151311.00,A,5556.42763,N,00315.11188,W,1.259,,220724,
2024-07-22 15:13:11,151312.00,A,5556.42643,N,00315.10984,W,2.460,,220724,
2024-07-22 15:13:12,151313.00,A,5556.42469,N,00315.11146,W,1.453,,220724,
2024-07-22 15:13:13,151314.00,A,5556.42298,N,00315.11238,W,4.177,,220724,
2024-07-22 15:13:14,151315.00,A,5556.41988,N,00315.11185,W,3.418,,220724,
2024-07-22 15:13:15,151316.00,A,5556.41763,N,00315.11240,W,4.246,189.52,220724,
2024-07-22 15:13:16,151317.00,A,5556.41634,N,00315.11342,W,3.884,,220724,
2024-07-22 15:13:18,151318.00,A,5556.41605,N,00315.11254,W,3.224,,220724,
2024-07-22 15:13:18,151319.00,A,5556.41517,N,00315.11044,W,3.972,,220724,
2024-07-22 15:13:19,151320.00,A,5556.41479,N,00315.10777,W,2.801,,220724,
2024-07-22 15:13:20,151321.00,A,5556.41478,N,00315.10740,W,3.103,,220724,
2024-07-22 15:13:21,151322.00,A,5556.41464,N,00315.10622,W,3.539,,220724,
2024-07-22 15:13:22,151323.00,A,5556.41462,N,00315.10591,W,2.406,,220724,
2024-07-22 15:13:23,151324.00,A,5556.41442,N,00315.10479,W,3.520,,220724,
2024-07-22 15:13:24,151325.00,A,5556.41283,N,00315.10398,W,3.026,,220724,
2024-07-22 15:13:25,151326.00,A,5556.41205,N,00315.10109,W,3.227,,220724,
2024-07-22 15:13:26,151327.00,A,5556.41206,N,00315.10025,W,3.039,,220724,
2024-07-22 15:13:27,151328.00,A,5556.41061,N,00315.09874,W,3.269,,220724,
2024-07-22 15:13:29,151329.00,A,5556.40979,N,00315.09895,W,6.312,149.83,220724,
2024-07-22 15:13:29,151330.00,A,5556.40770,N,00315.09737,W,4.397,149.40,220724,
2024-07-22 15:13:30,151331.00,A,5556.40650,N,00315.09830,W,3.909,,220724,
2024-07-22 15:13:31,151332.00,A,5556.40556,N,00315.10083,W,2.568,,220724,
2024-07-22 15:13:32,151333.00,A,5556.40474,N,00315.10177,W,3.368,,220724,
2024-07-22 15:13:33,151334.00,A,5556.40396,N,00315.10105,W,2.918,,220724,
2024-07-22 15:13:34,151335.00,A,5556.40350,N,00315.10202,W,3.324,,220724,
2024-07-22 15:13:35,151336.00,A,5556.40257,N,00315.10256,W,2.626,,220724,
2024-07-22 15:13:37,151337.00,A,5556.40204,N,00315.10451,W,2.053,,220724,
2024-07-22 15:13:37,151338.00,A,5556.40168,N,00315.10518,W,1.073,,220724,
2024-07-22 15:13:39,151339.00,A,5556.40091,N,00315.10471,W,1.961,,220724,
2024-07-22 15:13:40,151340.00,A,5556.39995,N,00315.10279,W,1.910,,220724,
2024-07-22 15:13:41,151341.00,A,5556.39938,N,00315.10166,W,2.668,,220724,
2024-07-22 15:13:42,151342.00,A,5556.39940,N,00315.10190,W,1.776,,220724,
2024-07-22 15:13:43,151343.00,A,5556.39863,N,00315.09994,W,2.517,,220724,
2024-07-22 15:13:44,151344.00,A,5556.39670,N,00315.10039,W,2.031,,220724,
2024-07-22 15:13:45,151345.00,A,5556.39538,N,00315.10112,W,2.296,,220724,
2024-07-22 15:13:46,151346.00,A,5556.39578,N,00315.10102,W,2.398,,220724,
2024-07-22 15:13:46,151347.00,A,5556.39440,N,00315.10086,W,2.457,,220724,
2024-07-22 15:13:47,151348.00,A,5556.39337,N,00315.10095,W,2.558,,220724,
2024-07-22 15:13:48,151349.00,A,5556.39237,N,00315.10114,W,3.014,,220724,
2024-07-22 15:13:49,151350.00,A,5556.39092,N,00315.10107,W,3.442,,220724,
2024-07-22 15:13:50,151351.00,A,5556.38996,N,00315.10069,W,3.825,,220724,
2024-07-22 15:13:51,151352.00,A,5556.38923,N,00315.10016,W,2.753,,220724,
2024-07-22 15:13:52,151353.00,A,5556.38833,N,00315.09991,W,3.162,,220724,
2024-07-22 15:13:53,151354.00,A,5556.38722,N,00315.09871,W,2.773,,220724,
2024-07-22 15:13:54,151355.00,A,5556.38590,N,00315.09827,W,2.408,,220724,
2024-07-22 15:13:55,151356.00,A,5556.38482,N,00315.09854,W,3.202,,220724,
2024-07-22 15:13:56,151357.00,A,5556.38455,N,00315.09952,W,2.893,,220724,
2024-07-22 15:13:57,151358.00,A,5556.38392,N,00315.10136,W,3.522,,220724,
2024-07-22 15:13:58,151359.00,A,5556.38454,N,00315.10225,W,3.255,,220724,
2024-07-22 15:13:59,151400.00,A,5556.38359,N,00315.10277,W,1.862,,220724,
2024-07-22 15:14:00,151401.00,A,5556.38346,N,00315.10314,W,1.151,,220724,
2024-07-22 15:14:01,151402.00,A,5556.38263,N,00315.10255,W,1.824,,220724,
2024-07-22 15:14:02,151403.00,A,5556.38195,N,00315.10289,W,1.541,,220724,
2024-07-22 15:14:03,151404.00,A,5556.38071,N,00315.10128,W,3.104,,220724,
2024-07-22 15:14:04,151405.00,A,5556.37955,N,00315.09987,W,2.653,,220724,
2024-07-22 15:14:05,151406.00,A,5556.37776,N,00315.10116,W,5.813,172.95,220724,
2024-07-22 15:14:06,151407.00,A,5556.37707,N,00315.10232,W,2.881,,220724,
2024-07-22 15:14:07,151408.00,A,5556.37623,N,00315.10279,W,1.659,,220724,
2024-07-22 15:14:08,151409.00,A,5556.37469,N,00315.10388,W,3.416,170.70,220724,
2024-07-22 15:14:09,151410.00,A,5556.37508,N,00315.10332,W,2.516,,220724,
2024-07-22 15:14:10,151411.00,A,5556.37386,N,00315.10259,W,2.434,,220724,
2024-07-22 15:14:11,151412.00,A,5556.37279,N,00315.10203,W,2.123,,220724,
2024-07-22 15:14:12,151413.00,A,5556.37217,N,00315.10217,W,1.797,,220724,
2024-07-22 15:14:13,151414.00,A,5556.37164,N,00315.10232,W,2.842,,220724,
2024-07-22 15:14:14,151415.00,A,5556.37113,N,00315.10146,W,2.136,,220724,
2024-07-22 15:14:15,151416.00,A,5556.37056,N,00315.10156,W,2.168,,220724,
2024-07-22 15:14:16,151417.00,A,5556.36976,N,00315.10039,W,3.343,,220724,
2024-07-22 15:14:17,151418.00,A,5556.36895,N,00315.09977,W,2.355,,220724,
2024-07-22 15:14:18,151419.00,A,5556.36852,N,00315.10120,W,1.415,,220724,
2024-07-22 15:14:19,151420.00,A,5556.36770,N,00315.10128,W,1.143,,220724,
2024-07-22 15:14:20,151421.00,A,5556.36720,N,00315.10141,W,2.731,,220724,
2024-07-22 15:14:21,151422.00,A,5556.36694,N,00315.10056,W,1.154,,220724,
2024-07-22 15:14:22,151423.00,A,5556.36630,N,00315.09960,W,0.433,,220724,
2024-07-22 15:14:23,151424.00,A,5556.36681,N,00315.10096,W,1.112,,220724,
2024-07-22 15:14:24,151425.00,A,5556.36766,N,00315.09990,W,0.466,,220724,
2024-07-22 15:14:25,151426.00,A,5556.36787,N,00315.10014,W,0.440,,220724,
2024-07-22 15:14:26,151427.00,A,5556.36782,N,00315.09905,W,2.437,,220724,
2024-07-22 15:14:27,151428.00,A,5556.36807,N,00315.09906,W,1.952,,220724,
2024-07-22 15:14:28,151429.00,A,5556.36845,N,00315.09937,W,2.301,,220724,
2024-07-22 15:14:29,151430.00,A,5556.36859,N,00315.10050,W,2.154,,220724,
2024-07-22 15:14:30,151431.00,A,5556.36772,N,00315.09853,W,4.031,,220724,
2024-07-22 15:14:31,151432.00,A,5556.36731,N,00315.10023,W,2.578,,220724,
2024-07-22 15:14:32,151433.00,A,5556.36752,N,00315.10132,W,3.248,,220724,
2024-07-22 15:14:33,151434.00,A,5556.36782,N,00315.10025,W,1.639,,220724,
2024-07-22 15:14:34,151435.00,A,5556.36880,N,00315.09955,W,2.664,,220724,
2024-07-22 15:14:35,151436.00,A,5556.36965,N,00315.09776,W,1.585,,220724,
2024-07-22 15:14:36,151437.00,A,5556.36941,N,00315.09837,W,2.026,,220724,
2024-07-22 15:14:37,151438.00,A,5556.36897,N,00315.09776,W,2.140,,220724,
2024-07-22 15:14:38,151439.00,A,5556.36766,N,00315.09700,W,5.536,,220724,
2024-07-22 15:14:39,151440.00,A,5556.36677,N,00315.09676,W,2.945,,220724,
2024-07-22 15:14:40,151441.00,A,5556.36680,N,00315.09762,W,2.127,,220724,
2024-07-22 15:14:41,151442.00,A,5556.36617,N,00315.09770,W,0.275,,220724,
2024-07-22 15:14:42,151443.00,A,5556.36675,N,00315.09938,W,2.810,,220724,
2024-07-22 15:14:43,151444.00,A,5556.36715,N,00315.10149,W,0.520,,220724,
2024-07-22 15:14:44,151445.00,A,5556.36670,N,00315.09942,W,2.060,,220724,
2024-07-22 15:14:47,151448.00,A,5556.36608,N,00315.09951,W,2.591,,220724,
2024-07-22 15:14:49,151450.00,A,5556.36482,N,00315.09823,W,2.976,,220724,
2024-07-22 15:14:50,151451.00,A,5556.36422,N,00315.09363,W,2.564,,220724,
2024-07-22 15:14:51,151452.00,A,5556.36478,N,00315.09521,W,3.111,,220724,
2024-07-22 15:14:52,151453.00,A,5556.36604,N,00315.09673,W,3.244,,220724,
2024-07-22 15:14:53,151454.00,A,5556.36701,N,00315.09778,W,5.266,,220724,
2024-07-22 15:14:54,151455.00,A,5556.36618,N,00315.09450,W,2.302,,220724,
2024-07-22 15:14:55,151456.00,A,5556.36564,N,00315.09139,W,2.929,,220724,
2024-07-22 15:14:56,151457.00,A,5556.36556,N,00315.09106,W,1.327,,220724,
2024-07-22 15:15:02,151503.00,A,5556.36326,N,00315.09126,W,1.871,,220724,
2024-07-22 15:15:07,151508.00,A,5556.35672,N,00315.09749,W,6.042,,220724,
2024-07-22 15:15:08,151509.00,A,5556.35573,N,00315.10259,W,6.623,,220724,
2024-07-22 15:15:09,151510.00,A,5556.35522,N,00315.10374,W,4.002,,220724,
2024-07-22 15:15:10,151511.00,A,5556.35407,N,00315.10773,W,2.025,,220724,
2024-07-22 15:15:11,151512.00,A,5556.35522,N,00315.10596,W,1.805,,220724,
2024-07-22 15:15:12,151513.00,A,5556.35511,N,00315.10470,W,3.995,,220724,
2024-07-22 15:15:13,151514.00,A,5556.35671,N,00315.10445,W,3.402,,220724,
2024-07-22 15:15:14,151515.00,A,5556.35781,N,00315.10998,W,6.990,,220724,
2024-07-22 15:15:15,151516.00,A,5556.35592,N,00315.11759,W,4.986,,220724,
2024-07-22 15:15:16,151517.00,A,5556.35663,N,00315.11471,W,1.333,,220724,
2024-07-22 15:15:17,151518.00,A,5556.35445,N,00315.11002,W,9.910,,220724,
2024-07-22 15:15:19,151520.00,A,5556.34907,N,00315.09855,W,12.850,144.59,220724,
2024-07-22 15:15:20,151521.00,A,5556.34438,N,00315.08754,W,17.293,133.85,220724,
2024-07-22 15:15:23,151524.00,A,5556.35159,N,00315.07847,W,12.207,130.55,220724,
2024-07-22 15:15:24,151525.00,A,5556.36270,N,00315.08218,W,7.430,,220724,
2024-07-22 15:15:25,151526.00,A,5556.36646,N,00315.08468,W,5.079,,220724,
2024-07-22 15:15:26,151527.00,A,5556.36631,N,00315.08336,W,6.194,,220724,
2024-07-22 15:15:27,151528.00,A,5556.36256,N,00315.06679,W,15.322,142.04,220724,
2024-07-22 15:15:28,151529.00,A,5556.35656,N,00315.05891,W,14.698,152.72,220724,
2024-07-22 15:15:29,151530.00,A,5556.35069,N,00315.05225,W,14.185,158.36,220724,
2024-07-22 15:15:30,151531.00,A,5556.34649,N,00315.04715,W,12.092,159.20,220724,
2024-07-22 15:15:31,151532.00,A,5556.34014,N,00315.04385,W,18.267,171.19,220724,
2024-07-22 15:15:32,151533.00,A,5556.33605,N,00315.04549,W,13.716,175.70,220724,
2024-07-22 15:17:03,151704.00,A,5556.36414,N,00315.12183,W,2.072,,220724,
2024-07-22 15:17:04,151705.00,A,5556.36373,N,00315.12732,W,1.514,,220724,
2024-07-22 15:17:05,151706.00,A,5556.36452,N,00315.13413,W,2.360,,220724,
2024-07-22 15:17:39,151739.00,A,5556.36136,N,00315.07550,W,2.421,,220724,
2024-07-22 15:17:40,151741.00,A,5556.36740,N,00315.08571,W,9.588,322.99,220724,
2024-07-22 15:17:41,151742.00,A,5556.37004,N,00315.08739,W,9.856,314.04,220724,
2024-07-22 15:17:42,151743.00,A,5556.37189,N,00315.09125,W,8.999,311.86,220724,
2024-07-22 15:17:43,151744.00,A,5556.37126,N,00315.09165,W,3.378,,220724,
2024-07-22 15:17:44,151745.00,A,5556.37162,N,00315.09236,W,3.201,,220724,
2024-07-22 15:17:45,151746.00,A,5556.37189,N,00315.09317,W,3.290,,220724,
2024-07-22 15:17:46,151747.00,A,5556.37216,N,00315.09030,W,2.202,,220724,
2024-07-22 15:17:47,151748.00,A,5556.37326,N,00315.09087,W,3.547,,220724,
2024-07-22 15:17:48,151749.00,A,5556.37473,N,00315.09195,W,2.334,,220724,
2024-07-22 15:17:49,151750.00,A,5556.37568,N,00315.09156,W,2.140,,220724,
2024-07-22 15:17:50,151751.00,A,5556.37603,N,00315.09000,W,2.603,,220724,
2024-07-22 15:17:51,151752.00,A,5556.37680,N,00315.08863,W,1.839,,220724,
2024-07-22 15:17:52,151753.00,A,5556.37704,N,00315.08864,W,2.104,,220724,
2024-07-22 15:17:53,151754.00,A,5556.37741,N,00315.08998,W,2.639,,220724,
2024-07-22 15:17:54,151755.00,A,5556.37825,N,00315.08786,W,2.593,,220724,
2024-07-22 15:17:55,151756.00,A,5556.37865,N,00315.08703,W,2.721,,220724,
2024-07-22 15:17:56,151757.00,A,5556.37922,N,00315.08710,W,2.930,,220724,
2024-07-22 15:17:57,151758.00,A,5556.37962,N,00315.08775,W,2.868,,220724,
2024-07-22 15:17:58,151759.00,A,5556.38055,N,00315.08609,W,3.290,,220724,
2024-07-22 15:17:59,151800.00,A,5556.38163,N,00315.08513,W,2.842,,220724,
2024-07-22 15:18:00,151801.00,A,5556.38106,N,00315.08713,W,2.543,,220724,
2024-07-22 15:18:01,151802.00,A,5556.38176,N,00315.08796,W,2.194,,220724,
2024-07-22 15:18:02,151803.00,A,5556.38226,N,00315.08863,W,1.367,,220724,
2024-07-22 15:18:03,151804.00,A,5556.38363,N,00315.08961,W,3.099,,220724,
2024-07-22 15:18:04,151805.00,A,5556.38516,N,00315.08819,W,1.719,,220724,
2024-07-22 15:18:05,151806.00,A,5556.38597,N,00315.08799,W,2.555,,220724,
2024-07-22 15:18:06,151807.00,A,5556.38727,N,00315.08609,W,2.405,,220724,
2024-07-22 15:18:07,151808.00,A,5556.38757,N,00315.08574,W,2.363,,220724,
2024-07-22 15:18:08,151809.00,A,5556.38791,N,00315.08416,W,2.695,,220724,
2024-07-22 15:18:09,151810.00,A,5556.38754,N,00315.08481,W,2.532,,220724,
2024-07-22 15:18:10,151811.00,A,5556.38702,N,00315.08593,W,2.663,,220724,
2024-07-22 15:18:11,151812.00,A,5556.38842,N,00315.08055,W,3.007,,220724,
2024-07-22 15:18:12,151813.00,A,5556.39033,N,00315.07875,W,2.729,,220724,
2024-07-22 15:18:13,151814.00,A,5556.39007,N,00315.08327,W,2.368,,220724,
2024-07-22 15:18:14,151815.00,A,5556.39055,N,00315.08306,W,2.018,,220724,
2024-07-22 15:18:15,151816.00,A,5556.39117,N,00315.08359,W,2.450,,220724,
2024-07-22 15:18:16,151817.00,A,5556.39206,N,00315.08488,W,2.691,,220724,
2024-07-22 15:18:17,151818.00,A,5556.39248,N,00315.08583,W,2.370,,220724,
2024-07-22 15:18:18,151819.00,A,5556.39615,N,00315.08762,W,3.259,330.84,220724,
2024-07-22 15:18:19,151820.00,A,5556.39716,N,00315.08868,W,2.821,342.55,220724,
2024-07-22 15:18:20,151821.00,A,5556.39818,N,00315.08984,W,2.620,351.48,220724,
2024-07-22 15:18:21,151822.00,A,5556.39804,N,00315.09047,W,0.660,,220724,
2024-07-22 15:18:22,151823.00,A,5556.39770,N,00315.09088,W,0.528,,220724,
2024-07-22 15:18:23,151824.00,A,5556.39868,N,00315.09108,W,1.705,,220724,
2024-07-22 15:18:24,151825.00,A,5556.39964,N,00315.09107,W,2.282,352.77,220724,
2024-07-22 15:18:25,151826.00,A,5556.40044,N,00315.09083,W,2.462,359.11,220724,
2024-07-22 15:18:26,151827.00,A,5556.40119,N,00315.09082,W,2.493,358.91,220724,
2024-07-22 15:18:27,151828.00,A,5556.40197,N,00315.09070,W,2.828,359.41,220724,
2024-07-22 15:18:28,151829.00,A,5556.40264,N,00315.09102,W,2.771,355.25,220724,
2024-07-22 15:18:29,151830.00,A,5556.40330,N,00315.09139,W,2.770,351.11,220724,
2024-07-22 15:18:30,151831.00,A,5556.40407,N,00315.09183,W,2.421,348.59,220724,
2024-07-22 15:18:31,151832.00,A,5556.40467,N,00315.09178,W,2.549,351.62,220724,
2024-07-22 15:18:32,151833.00,A,5556.40528,N,00315.09161,W,2.465,355.77,220724,
2024-07-22 15:18:33,151834.00,A,5556.40591,N,00315.09162,W,2.548,356.93,220724,
2024-07-22 15:18:34,151835.00,A,5556.40655,N,00315.09164,W,2.381,357.55,220724,
2024-07-22 15:18:35,151836.00,A,5556.40719,N,00315.09167,W,2.392,357.50,220724,
2024-07-22 15:18:36,151837.00,A,5556.40792,N,00315.09192,W,2.600,355.78,220724,
2024-07-22 15:18:37,151838.00,A,5556.40862,N,00315.09173,W,2.707,359.00,220724,
2024-07-22 15:18:38,151839.00,A,5556.40929,N,00315.09178,W,2.532,358.35,220724,
2024-07-22 15:18:39,151840.00,A,5556.40998,N,00315.09160,W,2.747,358.30,220724,
2024-07-22 15:18:40,151841.00,A,5556.41074,N,00315.09169,W,2.849,357.64,220724,
2024-07-22 15:18:41,151842.00,A,5556.41146,N,00315.09189,W,2.529,357.00,220724,
2024-07-22 15:18:42,151843.00,A,5556.41219,N,00315.09178,W,2.719,2.80,220724,
2024-07-22 15:18:43,151844.00,A,5556.41292,N,00315.09205,W,2.532,1.47,220724,
2024-07-22 15:18:44,151845.00,A,5556.41361,N,00315.09201,W,2.439,0.32,220724,
2024-07-22 15:18:45,151846.00,A,5556.41424,N,00315.09191,W,2.354,0.71,220724,
2024-07-22 15:18:46,151847.00,A,5556.41489,N,00315.09183,W,2.375,3.04,220724,
2024-07-22 15:18:47,151848.00,A,5556.41559,N,00315.09181,W,2.477,2.75,220724,
2024-07-22 15:18:48,151849.00,A,5556.41626,N,00315.09204,W,2.342,0.85,220724,
2024-07-22 15:18:49,151850.00,A,5556.41668,N,00315.09221,W,1.783,,220724,
2024-07-22 15:18:50,151851.00,A,5556.41725,N,00315.09196,W,2.091,,220724,
2024-07-22 15:18:51,151852.00,A,5556.41772,N,00315.09198,W,1.831,,220724,
2024-07-22 15:18:52,151853.00,A,5556.41832,N,00315.09125,W,2.171,,220724,
2024-07-22 15:18:53,151854.00,A,5556.41898,N,00315.09095,W,2.376,,220724,
2024-07-22 15:18:54,151855.00,A,5556.41964,N,00315.09059,W,2.447,,220724,
2024-07-22 15:18:55,151856.00,A,5556.42041,N,00315.09033,W,2.694,7.22,220724,
2024-07-22 15:18:56,151857.00,A,5556.42103,N,00315.09029,W,2.383,10.14,220724,
2024-07-22 15:18:57,151858.00,A,5556.42165,N,00315.09092,W,2.136,,220724,
2024-07-22 15:18:58,151859.00,A,5556.42231,N,00315.09098,W,2.187,5.37,220724,
2024-07-22 15:18:59,151900.00,A,5556.42297,N,00315.09121,W,2.256,1.16,220724,
2024-07-22 15:19:00,151901.00,A,5556.42363,N,00315.09141,W,2.269,359.41,220724,
2024-07-22 15:19:01,151902.00,A,5556.42419,N,00315.09133,W,1.887,,220724,
2024-07-22 15:19:02,151903.00,A,5556.42470,N,00315.09107,W,1.780,,220724,
2024-07-22 15:19:03,151904.00,A,5556.42519,N,00315.09056,W,1.815,,220724,
2024-07-22 15:19:04,151905.00,A,5556.42574,N,00315.09036,W,1.891,,220724,
2024-07-22 15:19:05,151906.00,A,5556.42642,N,00315.09040,W,2.173,,220724,
2024-07-22 15:19:06,151907.00,A,5556.42695,N,00315.09073,W,1.840,,220724,
2024-07-22 15:19:07,151908.00,A,5556.42753,N,00315.09085,W,1.804,,220724,
2024-07-22 15:19:08,151909.00,A,5556.42816,N,00315.09105,W,1.963,,220724,
2024-07-22 15:19:09,151910.00,A,5556.42877,N,00315.09079,W,2.022,,220724,
2024-07-22 15:19:10,151911.00,A,5556.42934,N,00315.09047,W,2.014,,220724,
2024-07-22 15:19:11,151912.00,A,5556.42987,N,00315.09045,W,1.874,,220724,
2024-07-22 15:19:12,151913.00,A,5556.43058,N,00315.08945,W,2.466,,220724,
2024-07-22 15:19:13,151914.00,A,5556.43130,N,00315.09037,W,2.212,,220724,
2024-07-22 15:19:14,151915.00,A,5556.43216,N,00315.09114,W,2.274,,220724,
2024-07-22 15:19:15,151916.00,A,5556.43271,N,00315.09069,W,1.928,,220724,
2024-07-22 15:19:16,151917.00,A,5556.43347,N,00315.09091,W,2.192,,220724,
2024-07-22 15:19:17,151918.00,A,5556.43412,N,00315.09091,W,2.256,,220724,
2024-07-22 15:19:18,151919.00,A,5556.43468,N,00315.09176,W,2.131,,220724,
2024-07-22 15:19:19,151920.00,A,5556.43527,N,00315.09292,W,2.276,,220724,
2024-07-22 15:19:20,151921.00,A,5556.43604,N,00315.09281,W,2.418,,220724,
2024-07-22 15:19:21,151922.00,A,5556.43674,N,00315.09343,W,2.418,,220724,
2024-07-22 15:19:22,151923.00,A,5556.43720,N,00315.09412,W,1.840,,220724,
2024-07-22 15:19:23,151924.00,A,5556.43800,N,00315.09431,W,2.300,351.34,220724,
2024-07-22 15:19:24,151925.00,A,5556.43872,N,00315.09510,W,2.496,342.36,220724,
2024-07-22 15:19:25,151926.00,A,5556.43951,N,00315.09531,W,2.637,343.92,220724,
2024-07-22 15:19:26,151927.00,A,5556.44032,N,00315.09482,W,2.488,,220724,
2024-07-22 15:19:27,151928.00,A,5556.44102,N,00315.09461,W,2.335,,220724,
2024-07-22 15:19:28,151929.00,A,5556.44151,N,00315.09415,W,1.713,,220724,
2024-07-22 15:19:29,151930.00,A,5556.44210,N,00315.09350,W,1.933,,220724,
2024-07-22 15:19:30,151931.00,A,5556.44279,N,00315.09336,W,2.099,,220724,
2024-07-22 15:19:31,151932.00,A,5556.44339,N,00315.09330,W,1.981,,220724,
2024-07-22 15:19:32,151933.00,A,5556.44413,N,00315.09269,W,2.458,,220724,
2024-07-22 15:19:33,151934.00,A,5556.44508,N,00315.09328,W,3.111,,220724,
2024-07-22 15:19:34,151935.00,A,5556.44588,N,00315.09348,W,2.572,,220724,
2024-07-22 15:19:35,151936.00,A,5556.44649,N,00315.09473,W,3.147,320.79,220724,
2024-07-22 15:19:36,151937.00,A,5556.44729,N,00315.09564,W,3.842,318.37,220724,
2024-07-22 15:19:37,151938.00,A,5556.44809,N,00315.09508,W,2.679,,220724,
2024-07-22 15:19:38,151939.00,A,5556.44898,N,00315.09438,W,2.663,,220724,
2024-07-22 15:19:39,151940.00,A,5556.44936,N,00315.09210,W,2.604,11.26,220724,
2024-07-22 15:19:40,151941.00,A,5556.44999,N,00315.09138,W,2.048,,220724,
2024-07-22 15:19:41,151942.00,A,5556.45079,N,00315.09099,W,2.814,,220724,
2024-07-22 15:19:42,151943.00,A,5556.45145,N,00315.09081,W,2.157,,220724,
2024-07-22 15:19:43,151944.00,A,5556.45224,N,00315.09162,W,2.655,,220724,
2024-07-22 15:19:44,151945.00,A,5556.45287,N,00315.09247,W,2.562,,220724,
2024-07-22 15:19:45,151946.00,A,5556.45298,N,00315.09376,W,2.436,,220724,
2024-07-22 15:19:46,151947.00,A,5556.45266,N,00315.09285,W,1.196,,220724,
2024-07-22 15:19:47,151948.00,A,5556.45221,N,00315.09236,W,1.544,,220724,
2024-07-22 15:19:48,151949.00,A,5556.45188,N,00315.09248,W,1.800,,220724,
2024-07-22 15:19:49,151950.00,A,5556.45164,N,00315.09235,W,1.860,,220724,
2024-07-22 15:19:50,151951.00,A,5556.45148,N,00315.09266,W,1.808,,220724,
2024-07-22 15:19:51,151952.00,A,5556.45154,N,00315.09368,W,1.388,,220724,
2024-07-22 15:19:52,151953.00,A,5556.45186,N,00315.09437,W,1.247,,220724,
2024-07-22 15:19:53,151954.00,A,5556.45178,N,00315.09488,W,1.386,,220724,
2024-07-22 15:19:54,151955.00,A,5556.45176,N,00315.09579,W,2.129,,220724,
2024-07-22 15:19:55,151956.00,A,5556.45186,N,00315.09578,W,0.486,,220724,
2024-07-22 15:19:56,151957.00,A,5556.45193,N,00315.09475,W,1.610,,220724,
2024-07-22 15:19:57,151958.00,A,5556.45199,N,00315.09619,W,1.390,,220724,
2024-07-22 15:19:58,151959.00,A,5556.45179,N,00315.09729,W,2.102,,220724,
2024-07-22 15:19:59,152000.00,A,5556.45158,N,00315.09944,W,3.041,,220724,
2024-07-22 15:20:00,152001.00,A,5556.45177,N,00315.10122,W,2.671,,220724,
2024-07-22 15:20:01,152002.00,A,5556.45219,N,00315.10397,W,4.063,319.94,220724,
2024-07-22 15:20:02,152003.00,A,5556.45258,N,00315.10609,W,4.015,305.86,220724,
2024-07-22 15:20:03,152004.00,A,5556.45329,N,00315.10828,W,4.365,302.36,220724,
2024-07-22 15:20:04,152005.00,A,5556.45325,N,00315.10771,W,0.162,,220724,
2024-07-22 15:20:05,152006.00,A,5556.45298,N,00315.10761,W,1.896,,220724,
2024-07-22 15:20:06,152007.00,A,5556.45301,N,00315.10861,W,0.874,,220724,
2024-07-22 15:20:07,152008.00,A,5556.45277,N,00315.11108,W,1.868,,220724,
2024-07-22 15:20:08,152009.00,A,5556.45304,N,00315.11260,W,0.309,,220724,
2024-07-22 15:20:09,152010.00,A,5556.45294,N,00315.11355,W,1.417,,220724,
2024-07-22 15:20:10,152011.00,A,5556.45286,N,00315.11414,W,1.790,,220724,
2024-07-22 15:20:11,152012.00,A,5556.45260,N,00315.11556,W,1.537,,220724,
2024-07-22 15:20:12,152013.00,A,5556.45247,N,00315.11763,W,1.299,,220724,
2024-07-22 15:20:13,152014.00,A,5556.45210,N,00315.11938,W,1.451,,220724,
2024-07-22 15:20:14,152015.00,A,5556.45152,N,00315.12137,W,1.940,,220724,
2024-07-22 15:20:15,152016.00,A,5556.45178,N,00315.12188,W,1.178,,220724,
2024-07-22 15:20:16,152017.00,A,5556.45171,N,00315.12396,W,1.430,,220724,
2024-07-22 15:20:17,152018.00,A,5556.45120,N,00315.12533,W,1.859,,220724,
2024-07-22 15:20:18,152019.00,A,5556.45084,N,00315.12656,W,1.947,,220724,
2024-07-22 15:20:19,152020.00,A,5556.45096,N,00315.12664,W,1.457,,220724,
2024-07-22 15:20:20,152021.00,A,5556.45045,N,00315.12725,W,1.763,,220724,
2024-07-22 15:20:21,152022.00,A,5556.45052,N,00315.12668,W,1.295,,220724,
2024-07-22 15:20:22,152023.00,A,5556.45092,N,00315.12568,W,0.780,,220724,
2024-07-22 15:20:23,152024.00,A,5556.45103,N,00315.12487,W,0.928,,220724,
2024-07-22 15:20:24,152025.00,A,5556.45092,N,00315.12501,W,0.909,,220724,
2024-07-22 15:20:25,152026.00,A,5556.45081,N,00315.12498,W,0.543,,220724,
2024-07-22 15:20:26,152027.00,A,5556.45035,N,00315.12427,W,0.877,,220724,
2024-07-22 15:20:27,152028.00,A,5556.44986,N,00315.12194,W,1.461,,220724,
2024-07-22 15:20:28,152029.00,A,5556.44976,N,00315.12068,W,1.588,,220724,
2024-07-22 15:20:29,152030.00,A,5556.44934,N,00315.12001,W,1.284,,220724,
2024-07-22 15:20:30,152031.00,A,5556.44932,N,00315.11852,W,0.575,,220724,
2024-07-22 15:20:31,152032.00,A,5556.44901,N,00315.11754,W,0.650,,220724,
2024-07-22 15:20:32,152033.00,A,5556.44805,N,00315.12017,W,1.929,,220724,
2024-07-22 15:20:33,152034.00,A,5556.44742,N,00315.12620,W,2.486,,220724,
2024-07-22 15:20:34,152035.00,A,5556.44711,N,00315.12973,W,2.612,267.86,220724,
2024-07-22 15:20:35,152036.00,A,5556.44656,N,00315.13317,W,3.256,249.92,220724,
2024-07-22 15:20:36,152037.00,A,5556.44636,N,00315.13434,W,2.605,246.33,220724,
2024-07-22 15:20:37,152038.00,A,5556.44539,N,00315.13628,W,2.537,243.59,220724,
2024-07-22 15:20:38,152039.00,A,5556.44460,N,00315.13712,W,2.274,,220724,
2024-07-22 15:20:39,152040.00,A,5556.44403,N,00315.13845,W,2.213,,220724,
2024-07-22 15:20:40,152041.00,A,5556.44379,N,00315.13888,W,1.676,,220724,
2024-07-22 15:20:41,152042.00,A,5556.44310,N,00315.14016,W,2.252,,220724,
2024-07-22 15:20:42,152043.00,A,5556.44288,N,00315.13959,W,0.857,,220724,
2024-07-22 15:20:43,152044.00,A,5556.44242,N,00315.14057,W,0.568,,220724,
2024-07-22 15:20:44,152045.00,A,5556.44224,N,00315.14039,W,0.456,,220724,
2024-07-22 15:20:45,152046.00,A,5556.44192,N,00315.14103,W,0.492,,220724,
2024-07-22 15:20:46,152047.00,A,5556.44182,N,00315.14196,W,0.077,,220724,
2024-07-22 15:20:47,152048.00,A,5556.44167,N,00315.14148,W,1.025,,220724,
2024-07-22 15:20:48,152049.00,A,5556.44138,N,00315.14255,W,0.951,,220724,
2024-07-22 15:20:49,152050.00,A,5556.44102,N,00315.14330,W,0.553,,220724,
2024-07-22 15:20:50,152051.00,A,5556.44069,N,00315.14395,W,0.510,,220724,
2024-07-22 15:20:51,152052.00,A,5556.44039,N,00315.14401,W,0.492,,220724,
2024-07-22 15:20:52,152053.00,A,5556.43998,N,00315.14412,W,0.535,,220724,
2024-07-22 15:20:53,152054.00,A,5556.43969,N,00315.14432,W,0.477,,220724,
2024-07-22 15:20:54,152055.00,A,5556.43958,N,00315.14544,W,0.536,,220724,
2024-07-22 15:20:55,152056.00,A,5556.43933,N,00315.14448,W,0.535,,220724,
2024-07-22 15:20:56,152057.00,A,5556.43912,N,00315.14422,W,0.559,,220724,
2024-07-22 15:20:57,152058.00,A,5556.43863,N,00315.14433,W,0.727,,220724,
2024-07-22 15:20:58,152059.00,A,5556.43843,N,00315.14493,W,0.372,,220724,
2024-07-22 15:20:59,152100.00,A,5556.43846,N,00315.14420,W,0.359,,220724,
2024-07-22 15:21:00,152101.00,A,5556.43838,N,00315.14340,W,0.712,,220724,
2024-07-22 15:21:01,152102.00,A,5556.43851,N,00315.14288,W,0.881,,220724,
2024-07-22 15:21:02,152103.00,A,5556.43879,N,00315.14322,W,0.870,,220724,
2024-07-22 15:21:03,152104.00,A,5556.43873,N,00315.14233,W,1.567,,220724,
2024-07-22 15:21:04,152105.00,A,5556.43842,N,00315.14279,W,0.845,,220724,
2024-07-22 15:21:05,152106.00,A,5556.43885,N,00315.14549,W,1.127,,220724,
2024-07-22 15:21:06,152107.00,A,5556.43879,N,00315.14603,W,0.843,,220724,
2024-07-22 15:21:07,152108.00,A,5556.43903,N,00315.14656,W,1.008,,220724,
2024-07-22 15:21:08,152109.00,A,5556.43918,N,00315.14747,W,1.167,,220724,
2024-07-22 15:21:09,152110.00,A,5556.43943,N,00315.14759,W,1.127,,220724,
2024-07-22 15:21:10,152111.00,A,5556.43982,N,00315.14723,W,1.103,,220724,
2024-07-22 15:21:11,152112.00,A,5556.43984,N,00315.14587,W,0.731,,220724,
2024-07-22 15:21:12,152113.00,A,5556.43883,N,00315.14306,W,1.160,,220724,
2024-07-22 15:21:13,152114.00,A,5556.43855,N,00315.14244,W,1.282,,220724,
2024-07-22 15:21:14,152115.00,A,5556.43835,N,00315.14177,W,1.334,,220724,
2024-07-22 15:21:15,152116.00,A,5556.43834,N,00315.13990,W,1.742,171.93,220724,
2024-07-22 15:21:16,152117.00,A,5556.43838,N,00315.13848,W,1.949,,220724,
2024-07-22 15:21:17,152118.00,A,5556.43844,N,00315.13493,W,2.975,,220724,
2024-07-22 15:21:18,152119.00,A,5556.43859,N,00315.13287,W,3.157,,220724,
2024-07-22 15:21:19,152120.00,A,5556.43910,N,00315.12973,W,3.930,,220724,
2024-07-22 15:21:20,152121.00,A,5556.43941,N,00315.12737,W,4.049,122.03,220724,
2024-07-22 15:21:21,152122.00,A,5556.43967,N,00315.12598,W,3.725,,220724,
2024-07-22 15:21:22,152123.00,A,5556.44071,N,00315.12685,W,3.156,,220724,
2024-07-22 15:21:23,152124.00,A,5556.44097,N,00315.12478,W,3.125,,220724,
2024-07-22 15:21:24,152125.00,A,5556.44127,N,00315.12492,W,2.456,,220724,
2024-07-22 15:21:25,152126.00,A,5556.44173,N,00315.12677,W,1.726,,220724,
2024-07-22 15:21:29,152130.00,A,5556.44274,N,00315.13629,W,0.266,,220724,
2024-07-22 15:21:30,152131.00,A,5556.44280,N,00315.13932,W,0.589,,220724,
2024-07-22 15:21:31,152132.00,A,5556.44289,N,00315.14151,W,1.100,,220724,
2024-07-22 15:21:32,152133.00,A,5556.44290,N,00315.14477,W,1.657,,220724,
2024-07-22 15:21:33,152134.00,A,5556.44262,N,00315.14765,W,2.111,,220724,
2024-07-22 15:21:34,152135.00,A,5556.44186,N,00315.14779,W,1.539,,220724,
2024-07-22 15:21:35,152136.00,A,5556.44215,N,00315.14951,W,1.513,,220724,
2024-07-22 15:21:36,152137.00,A,5556.44161,N,00315.14734,W,0.890,,220724,
2024-07-22 15:21:37,152138.00,A,5556.44134,N,00315.14715,W,0.804,,220724,
2024-07-22 15:21:38,152139.00,A,5556.44092,N,00315.14633,W,0.249,,220724,
2024-07-22 15:21:39,152140.00,A,5556.44094,N,00315.14644,W,0.345,,220724,
2024-07-22 15:21:40,152141.00,A,5556.44081,N,00315.14690,W,0.186,,220724,
2024-07-22 15:21:41,152142.00,A,5556.44054,N,00315.14679,W,0.563,,220724,
2024-07-22 15:21:42,152143.00,A,5556.44036,N,00315.14737,W,0.499,,220724,
2024-07-22 15:21:43,152144.00,A,5556.44040,N,00315.14767,W,0.266,,220724,
2024-07-22 15:21:44,152145.00,A,5556.44058,N,00315.14893,W,0.140,,220724,
2024-07-22 15:21:45,152146.00,A,5556.44067,N,00315.15006,W,0.124,,220724,
2024-07-22 15:21:46,152147.00,A,5556.44079,N,00315.15046,W,0.102,,220724,
2024-07-22 15:21:47,152148.00,A,5556.44095,N,00315.15113,W,0.288,,220724,
2024-07-22 15:21:48,152149.00,A,5556.44046,N,00315.14912,W,0.012,,220724,
2024-07-22 15:21:49,152150.00,A,5556.44013,N,00315.14779,W,0.328,,220724,
2024-07-22 15:21:50,152151.00,A,5556.44006,N,00315.14720,W,0.688,,220724,
2024-07-22 15:21:51,152152.00,A,5556.43995,N,00315.14683,W,0.503,,220724,
2024-07-22 15:21:52,152153.00,A,5556.43990,N,00315.14675,W,0.564,,220724,
2024-07-22 15:21:53,152154.00,A,5556.43981,N,00315.14664,W,0.513,,220724,
2024-07-22 15:21:54,152155.00,A,5556.43976,N,00315.14656,W,0.442,,220724,
2024-07-22 15:21:55,152156.00,A,5556.43969,N,00315.14615,W,0.233,,220724,
2024-07-22 15:21:56,152157.00,A,5556.43953,N,00315.14538,W,0.329,,220724,
2024-07-22 15:21:57,152158.00,A,5556.43951,N,00315.14509,W,0.310,,220724,
2024-07-22 15:21:58,152159.00,A,5556.43944,N,00315.14537,W,0.207,,220724,
2024-07-22 15:21:59,152200.00,A,5556.43946,N,00315.14527,W,0.098,,220724,
2024-07-22 15:22:00,152201.00,A,5556.43955,N,00315.14554,W,0.315,,220724,
2024-07-22 15:22:01,152202.00,A,5556.43964,N,00315.14584,W,0.404,,220724,
2024-07-22 15:22:02,152203.00,A,5556.43977,N,00315.14631,W,0.564,,220724,
2024-07-22 15:22:03,152204.00,A,5556.43985,N,00315.14651,W,0.480,,220724,
2024-07-22 15:22:04,152205.00,A,5556.43996,N,00315.14684,W,0.459,,220724,
2024-07-22 15:22:05,152206.00,A,5556.44004,N,00315.14726,W,0.536,,220724,
2024-07-22 15:22:06,152207.00,A,5556.44016,N,00315.14758,W,0.456,,220724,
2024-07-22 15:22:07,152208.00,A,5556.44027,N,00315.14799,W,0.548,,220724,
2024-07-22 15:22:08,152209.00,A,5556.44036,N,00315.14827,W,0.476,,220724,
2024-07-22 15:22:09,152210.00,A,5556.44044,N,00315.14849,W,0.431,,220724,
2024-07-22 15:22:10,152211.00,A,5556.44050,N,00315.14859,W,0.289,,220724,
2024-07-22 15:22:11,152212.00,A,5556.44051,N,00315.14855,W,0.172,,220724,
2024-07-22 15:22:12,152213.00,A,5556.44058,N,00315.14885,W,0.298,,220724,
2024-07-22 15:22:13,152214.00,A,5556.44063,N,00315.14907,W,0.253,,220724,
2024-07-22 15:22:14,152215.00,A,5556.44068,N,00315.14927,W,0.258,,220724,
2024-07-22 15:22:15,152216.00,A,5556.44075,N,00315.14955,W,0.320,,220724,
2024-07-22 15:22:16,152217.00,A,5556.44080,N,00315.14976,W,0.355,,220724,
2024-07-22 15:22:17,152218.00,A,5556.44088,N,00315.14984,W,0.260,,220724,
2024-07-22 15:22:18,152219.00,A,5556.44097,N,00315.15016,W,0.364,,220724,
2024-07-22 15:22:19,152220.00,A,5556.44102,N,00315.15018,W,0.271,,220724,
2024-07-22 15:22:20,152221.00,A,5556.44105,N,00315.15032,W,0.289,,220724,
2024-07-22 15:22:21,152222.00,A,5556.44104,N,00315.15034,W,0.298,,220724,
2024-07-22 15:22:22,152223.00,A,5556.44104,N,00315.15056,W,0.411,,220724,
2024-07-22 15:22:23,152224.00,A,5556.44104,N,00315.15059,W,0.295,,220724,
2024-07-22 15:22:24,152225.00,A,5556.44111,N,00315.15097,W,0.423,,220724,
2024-07-22 15:22:25,152226.00,A,5556.44121,N,00315.15098,W,0.280,,220724,
2024-07-22 15:22:26,152227.00,A,5556.44128,N,00315.15119,W,0.272,,220724,
2024-07-22 15:22:27,152228.00,A,5556.44127,N,00315.15120,W,0.213,,220724,
2024-07-22 15:22:28,152229.00,A,5556.44124,N,00315.15125,W,0.290,,220724,
2024-07-22 15:22:29,152230.00,A,5556.44129,N,00315.15163,W,0.300,,220724,
2024-07-22 15:22:30,152231.00,A,5556.44139,N,00315.15221,W,0.470,,220724,
2024-07-22 15:22:31,152232.00,A,5556.44143,N,00315.15240,W,0.390,,220724,
2024-07-22 15:22:32,152233.00,A,5556.44151,N,00315.15274,W,0.328,,220724,
2024-07-22 15:22:33,152234.00,A,5556.44085,N,00315.14950,W,0.067,,220724,
2024-07-22 15:22:34,152235.00,A,5556.44093,N,00315.15019,W,0.049,,220724,
2024-07-22 15:22:35,152236.00,A,5556.44099,N,00315.15059,W,0.035,,220724,
2024-07-22 15:22:36,152237.00,A,5556.44102,N,00315.15086,W,0.143,,220724,
2024-07-22 15:22:37,152238.00,A,5556.44106,N,00315.15124,W,0.122,,220724,
2024-07-22 15:22:38,152239.00,A,5556.44108,N,00315.15137,W,0.228,,220724,
2024-07-22 15:22:39,152240.00,A,5556.44112,N,00315.15157,W,0.181,,220724,
2024-07-22 15:22:40,152241.00,A,5556.44114,N,00315.15183,W,0.158,,220724,
2024-07-22 15:22:41,152242.00,A,5556.44111,N,00315.15189,W,0.279,,220724,
2024-07-22 15:22:42,152243.00,A,5556.44107,N,00315.15253,W,0.045,,220724,
2024-07-22 15:22:43,152244.00,A,5556.44105,N,00315.15257,W,0.103,,220724,
2024-07-22 15:22:44,152245.00,A,5556.44109,N,00315.15281,W,0.102,,220724,
2024-07-22 15:22:45,152246.00,A,5556.44114,N,00315.15307,W,0.041,,220724,
2024-07-22 15:22:46,152247.00,A,5556.44119,N,00315.15333,W,0.076,,220724,
2024-07-22 15:22:47,152248.00,A,5556.44123,N,00315.15369,W,0.039,,220724,
2024-07-22 15:22:48,152249.00,A,5556.44125,N,00315.15439,W,0.295,,220724,
2024-07-22 15:22:49,152250.00,A,5556.44129,N,00315.15454,W,0.042,,220724,
2024-07-22 15:22:50,152251.00,A,5556.44131,N,00315.15468,W,0.051,,220724,
2024-07-22 15:22:51,152252.00,A,5556.44134,N,00315.15459,W,0.129,,220724,
2024-07-22 15:22:52,152253.00,A,5556.44137,N,00315.15456,W,0.231,,220724,
2024-07-22 15:22:53,152254.00,A,5556.44139,N,00315.15426,W,0.496,,220724,
2024-07-22 15:22:54,152255.00,A,5556.44142,N,00315.15430,W,0.406,,220724,
2024-07-22 15:22:55,152256.00,A,5556.44145,N,00315.15430,W,0.384,,220724,
2024-07-22 15:22:56,152257.00,A,5556.44146,N,00315.15424,W,0.408,,220724,
2024-07-22 15:22:57,152258.00,A,5556.44147,N,00315.15462,W,0.141,,220724,
2024-07-22 15:22:58,152259.00,A,5556.44153,N,00315.15422,W,0.510,,220724,
2024-07-22 15:22:59,152300.00,A,5556.44157,N,00315.15390,W,0.613,,220724,
2024-07-22 15:23:00,152301.00,A,5556.44160,N,00315.15411,W,0.363,,220724,
2024-07-22 15:23:01,152302.00,A,5556.44164,N,00315.15427,W,0.205,,220724,
2024-07-22 15:23:02,152303.00,A,5556.44169,N,00315.15427,W,0.213,,220724,
2024-07-22 15:23:03,152304.00,A,5556.44174,N,00315.15470,W,0.088,,220724,
2024-07-22 15:23:04,152305.00,A,5556.44181,N,00315.15489,W,0.104,,220724,
2024-07-22 15:23:05,152306.00,A,5556.44204,N,00315.15588,W,0.226,,220724,
2024-07-22 15:23:06,152307.00,A,5556.44232,N,00315.15686,W,0.304,,220724,
2024-07-22 15:23:07,152308.00,A,5556.44244,N,00315.15715,W,0.302,,220724,
2024-07-22 15:23:08,152309.00,A,5556.44258,N,00315.15770,W,0.321,,220724,
2024-07-22 15:23:09,152310.00,A,5556.44269,N,00315.15835,W,0.145,,220724,
2024-07-22 15:23:10,152311.00,A,5556.44274,N,00315.15854,W,0.264,,220724,
2024-07-22 15:23:11,152312.00,A,5556.44271,N,00315.15880,W,0.069,,220724,
2024-07-22 15:23:12,152313.00,A,5556.44274,N,00315.15914,W,0.018,,220724,
2024-07-22 15:23:13,152314.00,A,5556.44281,N,00315.15965,W,0.184,,220724,
2024-07-22 15:23:14,152315.00,A,5556.44288,N,00315.15994,W,0.132,,220724,
2024-07-22 15:23:15,152316.00,A,5556.44293,N,00315.16011,W,0.083,,220724,
2024-07-22 15:23:16,152317.00,A,5556.44304,N,00315.16035,W,0.173,,220724,
2024-07-22 15:23:17,152318.00,A,5556.44308,N,00315.16073,W,0.265,,220724,
2024-07-22 15:23:18,152319.00,A,5556.44317,N,00315.16119,W,0.402,,220724,
2024-07-22 15:23:19,152320.00,A,5556.44329,N,00315.16154,W,0.464,,220724,
2024-07-22 15:23:20,152321.00,A,5556.44338,N,00315.16080,W,0.244,,220724,
2024-07-22 15:23:21,152322.00,A,5556.44339,N,00315.16048,W,0.307,,220724,
2024-07-22 15:23:22,152323.00,A,5556.44349,N,00315.16008,W,0.453,,220724,
2024-07-22 15:23:23,152324.00,A,5556.44347,N,00315.15941,W,0.571,,220724,
2024-07-22 15:23:24,152325.00,A,5556.44346,N,00315.15950,W,0.201,,220724,
2024-07-22 15:23:25,152326.00,A,5556.44356,N,00315.15978,W,0.261,,220724,
2024-07-22 15:23:26,152327.00,A,5556.44355,N,00315.15929,W,0.128,,220724,
2024-07-22 15:23:27,152328.00,A,5556.44356,N,00315.15935,W,0.310,,220724,
2024-07-22 15:23:28,152329.00,A,5556.44361,N,00315.15920,W,0.214,,220724,
2024-07-22 15:23:29,152330.00,A,5556.44369,N,00315.15938,W,0.551,,220724,
2024-07-22 15:23:30,152331.00,A,5556.44380,N,00315.15942,W,0.374,,220724,
2024-07-22 15:23:31,152332.00,A,5556.44389,N,00315.15948,W,0.492,,220724,
2024-07-22 15:23:32,152333.00,A,5556.44402,N,00315.16039,W,1.658,,220724,
2024-07-22 15:23:33,152334.00,A,5556.44395,N,00315.16016,W,0.303,,220724,
2024-07-22 15:23:34,152335.00,A,5556.44397,N,00315.16033,W,0.557,,220724,
2024-07-22 15:23:35,152336.00,A,5556.44392,N,00315.16017,W,0.606,,220724,
2024-07-22 15:23:36,152337.00,A,5556.44381,N,00315.16010,W,0.468,,220724,
2024-07-22 15:23:37,152338.00,A,5556.44370,N,00315.16018,W,0.552,,220724,
2024-07-22 15:23:38,152339.00,A,5556.44354,N,00315.15961,W,0.508,,220724,
2024-07-22 15:23:39,152340.00,A,5556.44358,N,00315.15990,W,0.167,,220724,
2024-07-22 15:23:40,152341.00,A,5556.44359,N,00315.16015,W,0.068,,220724,
2024-07-22 15:23:41,152342.00,A,5556.44370,N,00315.16116,W,1.130,,220724,
2024-07-22 15:23:42,152343.00,A,5556.44369,N,00315.16132,W,0.579,,220724,
2024-07-22 15:23:43,152344.00,A,5556.44357,N,00315.16085,W,0.162,,220724,
2024-07-22 15:23:44,152345.00,A,5556.44368,N,00315.16116,W,0.530,,220724,
2024-07-22 15:23:45,152346.00,A,5556.44382,N,00315.16191,W,1.127,,220724,
2024-07-22 15:23:46,152347.00,A,5556.44377,N,00315.16194,W,0.693,,220724,
2024-07-22 15:23:47,152348.00,A,5556.44375,N,00315.16186,W,0.443,,220724,
2024-07-22 15:23:48,152349.00,A,5556.44374,N,00315.16191,W,0.343,,220724,
2024-07-22 15:23:49,152350.00,A,5556.44372,N,00315.16201,W,0.494,,220724,
2024-07-22 15:23:50,152351.00,A,5556.44342,N,00315.16140,W,0.302,,220724,
2024-07-22 15:23:51,152352.00,A,5556.44321,N,00315.16093,W,0.538,,220724,
2024-07-22 15:23:52,152353.00,A,5556.44309,N,00315.16048,W,0.755,,220724,
2024-07-22 15:23:53,152354.00,A,5556.44298,N,00315.16052,W,0.327,,220724,
2024-07-22 15:23:54,152355.00,A,5556.44284,N,00315.16040,W,0.278,,220724,
2024-07-22 15:23:55,152356.00,A,5556.44264,N,00315.16024,W,0.570,,220724,
2024-07-22 15:23:56,152357.00,A,5556.44248,N,00315.15967,W,0.924,,220724,
2024-07-22 15:23:57,152358.00,A,5556.44244,N,00315.15958,W,0.294,,220724,
2024-07-22 15:23:58,152359.00,A,5556.44245,N,00315.15954,W,0.077,,220724,
2024-07-22 15:23:59,152400.00,A,5556.44230,N,00315.15931,W,0.199,,220724,
2024-07-22 15:24:00,152401.00,A,5556.44206,N,00315.15881,W,0.690,,220724,
2024-07-22 15:24:01,152402.00,A,5556.44193,N,00315.15858,W,0.514,,220724,
2024-07-22 15:24:02,152403.00,A,5556.44180,N,00315.15842,W,0.360,,220724,
2024-07-22 15:24:03,152404.00,A,5556.44161,N,00315.15761,W,1.097,,220724,
2024-07-22 15:24:04,152405.00,A,5556.44156,N,00315.15737,W,0.716,,220724,
2024-07-22 15:24:05,152406.00,A,5556.44142,N,00315.15738,W,0.388,,220724,
2024-07-22 15:24:06,152407.00,A,5556.44125,N,00315.15738,W,0.441,,220724,
2024-07-22 15:24:07,152408.00,A,5556.44114,N,00315.15720,W,0.437,,220724,
2024-07-22 15:24:08,152409.00,A,5556.44097,N,00315.15691,W,0.938,,220724,
2024-07-22 15:24:09,152410.00,A,5556.44079,N,00315.15649,W,0.921,,220724,
2024-07-22 15:24:10,152411.00,A,5556.44078,N,00315.15688,W,0.380,,220724,
2024-07-22 15:24:11,152412.00,A,5556.44065,N,00315.15679,W,0.295,,220724,
2024-07-22 15:24:12,152413.00,A,5556.44045,N,00315.15622,W,0.922,,220724,
2024-07-22 15:24:13,152414.00,A,5556.44031,N,00315.15587,W,0.780,,220724,
2024-07-22 15:24:14,152415.00,A,5556.44026,N,00315.15581,W,0.443,,220724,
2024-07-22 15:24:15,152416.00,A,5556.44015,N,00315.15551,W,0.757,,220724,
2024-07-22 15:24:16,152417.00,A,5556.44025,N,00315.15597,W,0.178,,220724,
2024-07-22 15:24:17,152418.00,A,5556.44015,N,00315.15569,W,0.460,,220724,
2024-07-22 15:24:18,152419.00,A,5556.44021,N,00315.15589,W,0.120,,220724,
2024-07-22 15:24:19,152420.00,A,5556.44026,N,00315.15594,W,0.357,,220724,
2024-07-22 15:24:20,152421.00,A,5556.44028,N,00315.15592,W,0.278,,220724,
2024-07-22 15:24:21,152422.00,A,5556.44014,N,00315.15519,W,1.102,,220724,
2024-07-22 15:24:22,152423.00,A,5556.44013,N,00315.15532,W,0.244,,220724,
2024-07-22 15:24:23,152424.00,A,5556.44032,N,00315.15617,W,0.693,,220724,
2024-07-22 15:24:24,152425.00,A,5556.44049,N,00315.15677,W,1.029,,220724,
2024-07-22 15:24:25,152426.00,A,5556.44072,N,00315.15744,W,1.184,,220724,
2024-07-22 15:24:26,152427.00,A,5556.44071,N,00315.15710,W,0.093,,220724,
2024-07-22 15:24:27,152428.00,A,5556.44078,N,00315.15748,W,0.713,,220724,
2024-07-22 15:24:28,152429.00,A,5556.44093,N,00315.15800,W,0.949,,220724,
2024-07-22 15:24:29,152430.00,A,5556.44111,N,00315.15861,W,1.119,,220724,
2024-07-22 15:24:30,152431.00,A,5556.44124,N,00315.15898,W,1.077,,220724,
2024-07-22 15:24:31,152432.00,A,5556.44133,N,00315.15939,W,1.169,,220724,
2024-07-22 15:24:32,152433.00,A,5556.44149,N,00315.15985,W,0.918,,220724,
2024-07-22 15:24:33,152434.00,A,5556.44161,N,00315.16021,W,0.805,,220724,
2024-07-22 15:24:34,152435.00,A,5556.44160,N,00315.16017,W,0.496,,220724,
2024-07-22 15:24:35,152436.00,A,5556.44170,N,00315.16058,W,1.026,,220724,
2024-07-22 15:24:36,152437.00,A,5556.44185,N,00315.16088,W,0.848,,220724,
2024-07-22 15:24:37,152438.00,A,5556.44188,N,00315.16081,W,0.330,,220724,
2024-07-22 15:24:38,152439.00,A,5556.44194,N,00315.16106,W,0.688,,220724,
2024-07-22 15:24:39,152440.00,A,5556.44176,N,00315.16029,W,0.427,,220724,
2024-07-22 15:24:40,152441.00,A,5556.44180,N,00315.16039,W,0.102,,220724,
2024-07-22 15:24:41,152442.00,A,5556.44174,N,00315.16011,W,0.232,,220724,
2024-07-22 15:24:42,152443.00,A,5556.44165,N,00315.15970,W,0.559,,220724,
2024-07-22 15:24:43,152444.00,A,5556.44153,N,00315.15923,W,0.466,,220724,
2024-07-22 15:24:44,152445.00,A,5556.44150,N,00315.15922,W,0.252,,220724,
2024-07-22 15:24:45,152446.00,A,5556.44157,N,00315.15947,W,0.185,,220724,
2024-07-22 15:24:46,152447.00,A,5556.44168,N,00315.15987,W,0.426,,220724,
2024-07-22 15:24:47,152448.00,A,5556.44160,N,00315.15971,W,0.157,,220724,
2024-07-22 15:24:48,152449.00,A,5556.44148,N,00315.15939,W,0.332,,220724,
